REFNUM,BG,CLASS,SEVERITY,X,Y,RADIUS
mdb001,G,CIRC,B,535.0,425.0,197.0
mdb002,G,CIRC,B,522.0,280.0,69.0
mdb003,D,NORM,,,,
mdb004,D,NORM,,,,
mdb005,F,CIRC,B,477.0,133.0,30.0
mdb005,F,CIRC,B,500.0,168.0,26.0
mdb006,F,NORM,,,,
mdb007,G,NORM,,,,
mdb008,G,NORM,,,,
mdb009,F,NORM,,,,
mdb010,F,CIRC,B,525.0,425.0,33.0
mdb011,F,NORM,,,,
mdb012,F,CIRC,B,471.0,458.0,40.0
mdb013,G,MISC,B,667.0,365.0,31.0
mdb014,G,NORM,,,,
mdb015,G,CIRC,B,595.0,864.0,68.0
mdb016,G,NORM,,,,
mdb017,G,CIRC,B,547.0,573.0,48.0
mdb018,G,NORM,,,,
mdb019,G,CIRC,B,653.0,477.0,49.0
mdb020,G,NORM,,,,
mdb021,G,CIRC,B,493.0,125.0,49.0
mdb022,G,NORM,,,,
mdb023,G,CIRC,M,538.0,681.0,29.0
mdb024,G,NORM,,,,
mdb025,F,CIRC,B,674.0,443.0,79.0
mdb026,F,NORM,,,,
mdb027,F,NORM,,,,
mdb028,F,CIRC,M,338.0,314.0,56.0
mdb029,G,NORM,,,,
mdb030,G,MISC,B,322.0,676.0,43.0
mdb031,G,NORM,,,,
mdb032,G,MISC,B,388.0,742.0,66.0
mdb033,D,NORM,,,,
mdb034,D,NORM,,,,
mdb035,D,NORM,,,,
mdb036,D,NORM,,,,
mdb037,D,NORM,,,,
mdb038,D,NORM,,,,
mdb039,D,NORM,,,,
mdb040,D,NORM,,,,
mdb041,G,NORM,,,,
mdb042,G,NORM,,,,
mdb043,G,NORM,,,,
mdb044,G,NORM,,,,
mdb045,G,NORM,,,,
mdb046,G,NORM,,,,
mdb047,G,NORM,,,,
mdb048,G,NORM,,,,
mdb049,G,NORM,,,,
mdb050,G,NORM,,,,
mdb051,G,NORM,,,,
mdb052,G,NORM,,,,
mdb053,D,NORM,,,,
mdb054,D,NORM,,,,
mdb055,G,NORM,,,,
mdb056,G,NORM,,,,
mdb057,D,NORM,,,,
mdb058,D,MISC,M,318.0,359.0,27.0
mdb059,F,CIRC,B,,,
mdb060,F,NORM,,,,
mdb061,D,NORM,,,,
mdb062,D,NORM,,,,
mdb063,D,MISC,B,546.0,463.0,33.0
mdb064,D,NORM,,,,
mdb065,D,NORM,,,,
mdb066,D,NORM,,,,
mdb067,D,NORM,,,,
mdb068,D,NORM,,,,
mdb069,F,CIRC,B,462.0,406.0,44.0
mdb070,F,NORM,,,,
mdb071,G,NORM,,,,
mdb072,G,ASYM,M,266.0,517.0,28.0
mdb073,G,NORM,,,,
mdb074,G,NORM,,,,
mdb075,F,ASYM,M,468.0,717.0,23.0
mdb076,F,NORM,,,,
mdb077,F,NORM,,,,
mdb078,F,NORM,,,,
mdb079,F,NORM,,,,
mdb080,F,CIRC,B,432.0,149.0,20.0
mdb081,G,ASYM,B,492.0,473.0,131.0
mdb082,G,NORM,,,,
mdb083,G,ASYM,B,544.0,194.0,38.0
mdb084,G,NORM,,,,
mdb085,G,NORM,,,,
mdb086,G,NORM,,,,
mdb087,F,NORM,,,,
mdb088,F,NORM,,,,
mdb089,G,NORM,,,,
mdb090,G,ASYM,M,510.0,547.0,49.0
mdb091,F,CIRC,B,680.0,494.0,20.0
mdb092,F,ASYM,M,423.0,662.0,43.0
mdb093,G,NORM,,,,
mdb094,G,NORM,,,,
mdb095,F,ASYM,M,466.0,517.0,29.0
mdb096,F,NORM,,,,
mdb097,F,ASYM,B,612.0,297.0,34.0
mdb098,F,NORM,,,,
mdb099,D,ASYM,B,714.0,340.0,23.0
mdb100,D,NORM,,,,
mdb101,D,NORM,,,,
mdb102,D,ASYM,M,415.0,460.0,38.0
mdb103,D,NORM,,,,
mdb104,D,ASYM,B,357.0,365.0,50.0
mdb105,D,ASYM,M,516.0,279.0,98.0
mdb106,D,NORM,,,,
mdb107,D,ASYM,B,600.0,621.0,111.0
mdb108,D,NORM,,,,
mdb109,D,NORM,,,,
mdb110,D,ASYM,M,190.0,427.0,51.0
mdb111,D,ASYM,M,505.0,575.0,107.0
mdb112,D,NORM,,,,
mdb113,G,NORM,,,,
mdb114,G,NORM,,,,
mdb115,G,ARCH,M,461.0,532.0,117.0
mdb116,G,NORM,,,,
mdb117,G,ARCH,M,480.0,576.0,84.0
mdb118,G,NORM,,,,
mdb119,G,NORM,,,,
mdb120,G,ARCH,M,423.0,262.0,79.0
mdb121,G,ARCH,B,492.0,434.0,87.0
mdb122,G,NORM,,,,
mdb123,G,NORM,,,,
mdb124,G,ARCH,M,366.0,620.0,33.0
mdb125,D,ARCH,M,700.0,552.0,60.0
mdb126,D,ARCH,B,191.0,549.0,23.0
mdb127,G,ARCH,B,523.0,551.0,48.0
mdb128,G,NORM,,,,
mdb129,D,NORM,,,,
mdb130,D,ARCH,M,220.0,552.0,28.0
mdb131,F,NORM,,,,
mdb132,F,CIRC,B,252.0,788.0,52.0
mdb132,F,CIRC,B,335.0,766.0,18.0
mdb133,F,NORM,,,,
mdb134,F,MISC,M,469.0,728.0,49.0
mdb135,F,NORM,,,,
mdb136,F,NORM,,,,
mdb137,D,NORM,,,,
mdb138,D,NORM,,,,
mdb139,F,NORM,,,,
mdb140,F,NORM,,,,
mdb141,F,CIRC,M,470.0,759.0,29.0
mdb142,F,CIRC,B,347.0,636.0,26.0
mdb143,F,NORM,,,,
mdb144,F,MISC,B,233.0,994.0,29.0
mdb144,F,MISC,M,313.0,540.0,27.0
mdb145,D,SPIC,B,669.0,543.0,49.0
mdb146,D,NORM,,,,
mdb147,F,NORM,,,,
mdb148,F,SPIC,M,326.0,607.0,174.0
mdb149,F,NORM,,,,
mdb150,F,ARCH,B,351.0,661.0,62.0
mdb151,F,NORM,,,,
mdb152,F,ARCH,B,675.0,486.0,48.0
mdb153,F,NORM,,,,
mdb154,F,NORM,,,,
mdb155,F,ARCH,M,448.0,480.0,95.0
mdb156,F,NORM,,,,
mdb157,F,NORM,,,,
mdb158,F,ARCH,M,540.0,565.0,88.0
mdb159,F,NORM,,,,
mdb160,F,ARCH,B,536.0,519.0,61.0
mdb161,D,NORM,,,,
mdb162,D,NORM,,,,
mdb163,D,ARCH,B,391.0,365.0,50.0
mdb164,D,NORM,,,,
mdb165,D,ARCH,B,537.0,490.0,42.0
mdb166,D,NORM,,,,
mdb167,F,ARCH,B,574.0,657.0,35.0
mdb168,F,NORM,,,,
mdb169,D,NORM,,,,
mdb170,D,ARCH,M,489.0,480.0,82.0
mdb171,D,ARCH,M,462.0,627.0,62.0
mdb172,D,NORM,,,,
mdb173,F,NORM,,,,
mdb174,F,NORM,,,,
mdb175,G,SPIC,B,592.0,670.0,33.0
mdb176,G,NORM,,,,
mdb177,G,NORM,,,,
mdb178,G,SPIC,M,492.0,600.0,70.0
mdb179,D,SPIC,M,600.0,514.0,67.0
mdb180,D,NORM,,,,
mdb181,G,SPIC,M,519.0,362.0,54.0
mdb182,G,NORM,,,,
mdb183,F,NORM,,,,
mdb184,F,SPIC,M,352.0,624.0,114.0
mdb185,G,NORM,,,,
mdb186,G,SPIC,M,403.0,524.0,47.0
mdb187,G,NORM,,,,
mdb188,G,SPIC,B,406.0,617.0,61.0
mdb189,G,NORM,,,,
mdb190,G,SPIC,B,512.0,621.0,31.0
mdb191,G,SPIC,B,594.0,516.0,41.0
mdb192,G,NORM,,,,
mdb193,D,SPIC,B,399.0,563.0,132.0
mdb194,D,NORM,,,,
mdb195,F,SPIC,B,725.0,129.0,26.0
mdb196,F,NORM,,,,
mdb197,D,NORM,,,,
mdb198,D,SPIC,B,568.0,612.0,93.0
mdb199,D,SPIC,B,641.0,177.0,31.0
mdb200,D,NORM,,,,
mdb201,D,NORM,,,,
mdb202,D,SPIC,M,557.0,772.0,37.0
mdb203,F,NORM,,,,
mdb204,F,SPIC,B,336.0,399.0,21.0
mdb205,F,NORM,,,,
mdb206,F,SPIC,M,368.0,200.0,17.0
mdb207,D,SPIC,B,571.0,564.0,19.0
mdb208,D,NORM,,,,
mdb209,G,CALC,M,647.0,503.0,87.0
mdb210,G,NORM,,,,
mdb211,G,CALC,M,680.0,327.0,13.0
mdb212,G,CALC,B,687.0,882.0,3.0
mdb213,G,CALC,M,547.0,520.0,45.0
mdb214,G,CALC,B,582.0,916.0,11.0
mdb215,D,NORM,,,,
mdb216,D,CALC,M,,,
mdb217,G,NORM,,,,
mdb218,G,CALC,B,519.0,629.0,8.0
mdb219,G,CALC,B,546.0,756.0,29.0
mdb220,G,NORM,,,,
mdb221,D,NORM,,,,
mdb222,D,CALC,B,398.0,427.0,17.0
mdb223,D,CALC,B,523.0,482.0,29.0
mdb223,D,CALC,B,591.0,529.0,6.0
mdb224,D,NORM,,,,
mdb225,D,NORM,,,,
mdb226,D,CALC,B,287.0,610.0,7.0
mdb226,D,CALC,B,329.0,550.0,25.0
mdb226,D,CALC,B,531.0,721.0,8.0
mdb227,G,CALC,B,504.0,467.0,9.0
mdb228,G,NORM,,,,
mdb229,F,NORM,,,,
mdb230,F,NORM,,,,
mdb231,F,CALC,M,603.0,538.0,44.0
mdb232,F,NORM,,,,
mdb233,G,CALC,M,,,
mdb234,G,NORM,,,,
mdb235,D,NORM,,,,
mdb236,D,CALC,B,276.0,824.0,14.0
mdb237,F,NORM,,,,
mdb238,F,CALC,M,522.0,553.0,17.0
mdb239,D,CALC,M,645.0,755.0,40.0
mdb239,D,CALC,M,567.0,808.0,25.0
mdb240,D,CALC,B,643.0,614.0,23.0
mdb241,D,CALC,M,453.0,678.0,38.0
mdb242,D,NORM,,,,
mdb243,D,NORM,,,,
mdb244,D,CIRC,B,466.0,567.0,52.0
mdb245,F,CALC,M,,,
mdb246,F,NORM,,,,
mdb247,F,NORM,,,,
mdb248,F,CALC,B,378.0,601.0,10.0
mdb249,D,CALC,M,544.0,508.0,48.0
mdb249,D,CALC,M,575.0,639.0,64.0
mdb250,D,NORM,,,,
mdb251,F,NORM,,,,
mdb252,F,CALC,B,439.0,367.0,23.0
mdb253,D,CALC,M,733.0,564.0,28.0
mdb254,D,NORM,,,,
mdb255,F,NORM,,,,
mdb256,F,CALC,M,400.0,484.0,37.0
mdb257,D,NORM,,,,
mdb258,D,NORM,,,,
mdb259,D,NORM,,,,
mdb260,D,NORM,,,,
mdb261,D,NORM,,,,
mdb262,D,NORM,,,,
mdb263,G,NORM,,,,
mdb264,G,MISC,M,596.0,431.0,36.0
mdb265,G,MISC,M,593.0,498.0,60.0
mdb266,G,NORM,,,,
mdb267,F,MISC,M,793.0,481.0,56.0
mdb268,F,NORM,,,,
mdb269,G,NORM,,,,
mdb270,G,CIRC,M,356.0,945.0,72.0
mdb271,F,MISC,M,784.0,270.0,68.0
mdb272,F,NORM,,,,
mdb273,F,NORM,,,,
mdb274,F,MISC,M,127.0,505.0,123.0
mdb275,G,NORM,,,,
mdb276,G,NORM,,,,
mdb277,G,NORM,,,,
mdb278,G,NORM,,,,
mdb279,G,NORM,,,,
mdb280,G,NORM,,,,
mdb281,D,NORM,,,,
mdb282,D,NORM,,,,
mdb283,D,NORM,,,,
mdb284,D,NORM,,,,
mdb285,D,NORM,,,,
mdb286,D,NORM,,,,
mdb287,D,NORM,,,,
mdb288,D,NORM,,,,
mdb289,D,NORM,,,,
mdb290,D,CIRC,B,337.0,353.0,45.0
mdb291,G,NORM,,,,
mdb292,G,NORM,,,,
mdb293,F,NORM,,,,
mdb294,F,NORM,,,,
mdb295,D,NORM,,,,
mdb296,D,NORM,,,,
mdb297,F,NORM,,,,
mdb298,F,NORM,,,,
mdb299,F,NORM,,,,
mdb300,F,NORM,,,,
mdb301,F,NORM,,,,
mdb302,F,NORM,,,,
mdb303,F,NORM,,,,
mdb304,F,NORM,,,,
mdb305,F,NORM,,,,
mdb306,F,NORM,,,,
mdb307,F,NORM,,,,
mdb308,F,NORM,,,,
mdb309,F,NORM,,,,
mdb310,F,NORM,,,,
mdb311,F,NORM,,,,
mdb312,F,MISC,B,240.0,263.0,20.0
mdb313,F,NORM,,,,
mdb314,F,MISC,B,518.0,191.0,39.0
mdb315,D,CIRC,B,516.0,447.0,93.0
mdb316,D,NORM,,,,
mdb317,D,NORM,,,,
mdb318,D,NORM,,,,
mdb319,D,NORM,,,,
mdb320,D,NORM,,,,
mdb321,D,NORM,,,,
mdb322,D,NORM,,,,
